10 Dow Jones Stocks to Buy Before They Rally,/news/10-dow-jones-stocks-buy-140952723.html
The world's biggest marijuana stock soars to an all-time high (CGC),/news/world-apos-biggest-marijuana-stock-194700730.html
The 10 commandments of retirement,/m/db564c4f-6260-3297-ada5-d9e9ac18e2e8/the-10-commandments-of.html
China defies U.S. pressure as EU parts ways with Iranian oil,/news/china-defies-u-pressure-eu-parts-ways-iranian-141019869--finance.html
Costco—Room to Grow From Record High: Oppenheimer,/m/538e77c6-2518-3cb9-87d7-cf7213bd2f8c/costco%E2%80%94room-to-grow-from.html
"Citigroup, BofA Banned from Louisiana Bond Sale Over Gun Stance",/video/citigroup-bofa-banned-louisiana-bond-174911311.html
Tesla surges after Morgan Stanley becomes the second Wall Street bank to drop coverage of the stock (TSLA),/news/tesla-surges-morgan-stanley-becomes-154300610.html
Alibaba Reports Earnings on Thursday: 5 Key Things to Watch,/m/2605305a-312e-392d-a47e-cd3d2991a2eb/alibaba-reports-earnings-on.html
Papa John's Founder ‘Getting the Truth Out’ With Website,/m/b457c35e-b848-3100-b7ba-591b20dc8482/papa-john%27s-founder-%E2%80%98getting.html
"Chesapeake Stock Is a Massive, Overpriced Risk at Best",/news/chesapeake-stock-massive-overpriced-risk-145512914.html
Lowe’s Has the Right Man for Its Fix-Up Job,/m/ec1d2198-71bd-31e3-b3b1-05853d7b5a46/lowe%E2%80%99s-has-the-right-man-for.html
Why Did Netflix (NFLX) Stock Gain This Morning?,/news/why-did-netflix-nflx-stock-153903001.html
Ford Turnaround to Up Shares 60%: Morgan Stanley,/m/113a5895-5b2a-3d89-b729-7d5eb525cf91/ford-turnaround-to-up-shares.html
JPMorgan Is Dismissing About 100 People in Asset Management,/m/74af728f-f3b2-3f4c-97b1-25db4a02aba1/jpmorgan-is-dismissing%C2%A0about.html
What the next bear market will look like,/m/02b67475-72e5-374c-be4d-c2f8af45e4c6/what-the-next-bear-market.html
Do Options Traders Know Something About L Brands (LB) Stock We Don't?,/news/options-traders-know-something-l-124812339.html
The Fed could push economy into recession: Strategist,/video/fed-could-push-economy-recession-172900305.html
Merck Stock Could Rise 30% in Coming Months,/m/d55ad379-aa5d-39f1-9a71-d74dbb00affe/merck-stock-could-rise-30%25-in.html
Why Southwest Gas (SWX) is a Great Dividend Stock,/news/why-southwest-gas-swx-great-133001724.html
Nvidia's Stock May Rise 12% Following Weak Results,/m/85a98d6d-ebfb-3976-99b7-d16bf3e59394/nvidia%27s-stock-may-rise-12%25.html
Ford’s (F) Engine Is Ready to Turn Over,/news/ford-f-engine-ready-turn-205653146.html
Target Hits the Bullseye on Earnings,/m/aa16da35-fa79-3312-97ac-7259d9f27da5/target-hits-the-bullseye-on.html
Alibaba earnings: Spending for a future beyond e-commerce,/m/f4606620-67a8-36ed-85e7-ae500af3ff44/alibaba-earnings%3A-spending.html
Qualcomm's Stock May Rise 8% on Improving Profits,/m/21d6a3b7-2831-3b9f-bb68-56ff66ab046c/qualcomm%27s-stock-may-rise-8%25.html
"Forget FANG Stocks, Bet on WANG ETFs",/news/forget-fang-bet-wang-etfs-131300939.html
